open;high;low;close;volume;marketCap;timestamp
0.06183332;0.06634905;0.05261677;0.05816342;0;0;"2010-07-13T23:59:59.999Z"
0.07879913;0.08360209;0.06903579;0.07416855;0;0;"2010-07-19T23:59:59.999Z"
0.06976299;0.07825864;0.06472816;0.06895142;0;0;"2010-07-25T23:59:59.999Z"
0.06970508;0.07158763;0.05164856;0.06046468;0;0;"2010-08-01T23:59:59.999Z"
0.06115977;0.067016;0.05067227;0.05964825;0;0;"2010-08-07T23:59:59.999Z"
0.06134036;0.07395598;0.05900163;0.06306071;0;0;"2010-08-13T23:59:59.999Z"
0.06994254;0.07134897;0.05853218;0.06581428;0;0;"2010-08-20T23:59:59.999Z"
0.06833609;0.08441321;0.06359481;0.06947311;0;0;"2010-08-26T23:59:59.999Z"
0.06806474;0.07830443;0.06248935;0.06274802;0;0;"2010-09-01T23:59:59.999Z"
0.06027728;0.0630562;0.05008993;0.06010664;0;0;"2010-09-08T23:59:59.999Z"
0.06105726;0.06988858;0.05539318;0.06071952;0;0;"2010-09-14T23:59:59.999Z"
0.06011121;0.06676625;0.05534209;0.0605423;0;0;"2010-09-20T23:59:59.999Z"
0.06098513;0.07822057;0.05782159;0.06095292;0;0;"2010-09-27T23:59:59.999Z"
0.06013844;0.07013507;0.05622548;0.06043778;0;0;"2010-10-03T23:59:59.999Z"
0.09873345;0.1172604;0.0902759;0.11358109;0;0;"2010-10-10T23:59:59.999Z"
0.10602316;0.10733959;0.08632514;0.10157997;0;0;"2010-10-16T23:59:59.999Z"
0.10189671;0.11341726;0.08636984;0.1096797;0;0;"2010-10-22T23:59:59.999Z"
0.1744869;0.2258875;0.16833141;0.19;0;0;"2010-10-29T23:59:59.999Z"
0.19737072;0.2488942;0.19016785;0.2413261;0;0;"2010-11-04T23:59:59.999Z"
0.22432389;0.33407991;0.22432389;0.31419876;0;0;"2010-11-10T23:59:59.999Z"
0.22833879;0.27773592;0.21683855;0.2707324;0;0;"2010-11-17T23:59:59.999Z"
0.28757612;0.28802633;0.22782684;0.28037997;0;0;"2010-11-23T23:59:59.999Z"
0.27014513;0.29143084;0.24607482;0.25864209;0;0;"2010-11-29T23:59:59.999Z"
0.21094287;0.24353259;0.19851918;0.22720412;0;0;"2010-12-06T23:59:59.999Z"
0.21552626;0.26801367;0.20401354;0.2236901;0;0;"2010-12-12T23:59:59.999Z"
0.24552352;0.26317882;0.21613598;0.24340233;0;0;"2010-12-18T23:59:59.999Z"
0.24874559;0.2596144;0.22025557;0.24998617;0;0;"2010-12-25T23:59:59.999Z"
0.29990545;0.32563476;0.25919374;0.3;0;0;"2010-12-31T23:59:59.999Z"
0.29962122;0.38489632;0.29962122;0.31580281;0;0;"2011-01-07T23:59:59.999Z"
0.33043849;0.4167588;0.32303972;0.33186037;0;0;"2011-01-13T23:59:59.999Z"
0.31856292;0.34228397;0.28641413;0.32620889;0;0;"2011-01-19T23:59:59.999Z"
0.4260145;0.50075858;0.40513647;0.41881367;0;0;"2011-01-26T23:59:59.999Z"
0.51766005;0.71794394;0.51766005;0.69261156;0;0;"2011-02-01T23:59:59.999Z"
0.90880875;0.92503245;0.72274644;0.90499749;0;0;"2011-02-07T23:59:59.999Z"
1.05401313;1.22978008;0.98739517;1.07990111;0;0;"2011-02-14T23:59:59.999Z"
0.99200338;1.02017506;0.82285514;0.87400471;0;0;"2011-02-20T23:59:59.999Z"
0.95859491;1.24713359;0.92325087;0.99800238;0;0;"2011-02-26T23:59:59.999Z"
0.90351601;0.95284483;0.75935826;0.91112162;0;0;"2011-03-05T23:59:59.999Z"
0.93113047;1.10310669;0.86120265;0.88280114;0;0;"2011-03-11T23:59:59.999Z"
0.88048417;0.94791456;0.81913318;0.86967185;0;0;"2011-03-17T23:59:59.999Z"
0.84060031;0.86877348;0.71520718;0.86459955;0;0;"2011-03-24T23:59:59.999Z"
0.81913814;0.84969588;0.72203584;0.79899568;0;0;"2011-03-30T23:59:59.999Z"
0.76103243;0.84243621;0.6952901;0.73610838;0;0;"2011-04-06T23:59:59.999Z"
0.76724387;0.86798052;0.71591526;0.82233028;0;0;"2011-04-12T23:59:59.999Z"
1.10921441;1.23346411;0.93417919;1.13494424;0;0;"2011-04-18T23:59:59.999Z"
1.63315718;1.71198212;1.37514268;1.56578672;0;0;"2011-04-25T23:59:59.999Z"
3.44400786;4.26325658;3.36107645;3.60092065;0;0;"2011-05-01T23:59:59.999Z"
3.52818719;4.37065475;3.34383976;3.62681937;0;0;"2011-05-07T23:59:59.999Z"
6.66578319;8.70203337;6.34915081;7.6845882;0;0;"2011-05-14T23:59:59.999Z"
7.57683609;7.59282446;4.97762742;5.71969421;0;0;"2011-05-20T23:59:59.999Z"
7.72422581;8.19226859;6.87650988;8.11026433;0;0;"2011-05-26T23:59:59.999Z"
9.53299558;10.66739571;8.68242924;10.08919353;0;0;"2011-06-02T23:59:59.999Z"
21.13505534;32.77209146;21.13505534;25.35687449;0;0;"2011-06-08T23:59:59.999Z"
20.96406209;23.05884922;19.09647078;22.91323448;0;0;"2011-06-14T23:59:59.999Z"
18.21207322;18.74733905;15.14017916;17.0877083;0;0;"2011-06-21T23:59:59.999Z"
17.1871092;18.58332466;14.56050115;17.47027324;0;0;"2011-06-27T23:59:59.999Z"
15.72758153;15.72758153;11.72312963;14.04535578;0;0;"2011-07-04T23:59:59.999Z"
15.02849536;15.95579262;13.49949225;15.15105423;0;0;"2011-07-10T23:59:59.999Z"
14.03616685;17.43108855;13.54373523;13.85808362;0;0;"2011-07-16T23:59:59.999Z"
13.89213455;15.54984943;13.1006799;13.79948835;0;0;"2011-07-23T23:59:59.999Z"
13.50026079;16.97185705;13.06220674;13.80073957;0;0;"2011-07-29T23:59:59.999Z"
12.17711547;13.88530708;11.45144112;12.3242663;0;0;"2011-08-04T23:59:59.999Z"
10.12057185;12.87316926;9.55670191;10.30123189;0;0;"2011-08-11T23:59:59.999Z"
11.53320233;13.46124006;10.88840479;11.26718219;0;0;"2011-08-17T23:59:59.999Z"
11.23728678;11.84848843;9.97048823;11.48200128;0;0;"2011-08-23T23:59:59.999Z"
9.45018704;11.71005585;8.89804383;9.37807863;0;0;"2011-08-30T23:59:59.999Z"
8.36284254;9.96463095;7.13757001;7.97080803;0;0;"2011-09-05T23:59:59.999Z"
6.27853708;7.32101008;5.62559637;6.6367602;0;0;"2011-09-12T23:59:59.999Z"
5.07406728;5.39732043;4.41157443;5.09527905;0;0;"2011-09-18T23:59:59.999Z"
5.6919291;6.60706214;5.42862701;5.69775453;0;0;"2011-09-24T23:59:59.999Z"
5.09663182;5.90192061;4.818171;5.27339399;0;0;"2011-10-01T23:59:59.999Z"
4.77461522;4.89386973;3.62393404;4.34735352;0;0;"2011-10-07T23:59:59.999Z"
4.15188813;4.19794142;3.22792713;4.05906018;0;0;"2011-10-13T23:59:59.999Z"
2.39854317;2.98913862;2.22990969;2.36168035;0;0;"2011-10-20T23:59:59.999Z"
3.07883941;3.07883941;2.35629792;2.87588026;0;0;"2011-10-26T23:59:59.999Z"
3.32319125;3.67796925;2.97375503;3.24627475;0;0;"2011-11-01T23:59:59.999Z"
3.01646983;3.15396191;2.53867734;3.04638343;0;0;"2011-11-08T23:59:59.999Z"
3.08118786;3.19202616;2.10189666;2.51945701;0;0;"2011-11-14T23:59:59.999Z"
2.32447425;2.54883495;2.03802729;2.31034448;0;0;"2011-11-20T23:59:59.999Z"
2.52849877;2.78942763;2.26376185;2.48851053;0;0;"2011-11-27T23:59:59.999Z"
3.124731;3.1501916;2.65742569;2.96191517;0;0;"2011-12-03T23:59:59.999Z"
3.08623049;3.19550281;2.56947308;3.04852201;0;0;"2011-12-10T23:59:59.999Z"
3.24503792;3.24503792;2.67733229;3.2;0;0;"2011-12-16T23:59:59.999Z"
4.1772704;4.23539765;3.34833818;4.05652378;0;0;"2011-12-22T23:59:59.999Z"
4.18252014;5.12420997;3.88301244;4.17361546;0;0;"2011-12-29T23:59:59.999Z"
4.9133038;6.72313232;4.85760841;5.5466376;0;0;"2012-01-04T23:59:59.999Z"
6.61694701;8.78966614;6.61694701;7.03364426;0;0;"2012-01-10T23:59:59.999Z"
6.86748509;7.15180992;5.76985561;6.45205554;0;0;"2012-01-17T23:59:59.999Z"
6.52796234;8.17945916;6.25599732;6.37330287;0;0;"2012-01-23T23:59:59.999Z"
5.65074174;6.19940076;5.21709797;5.39253226;0;0;"2012-01-29T23:59:59.999Z"
5.96907628;6.76004788;4.92458125;5.87051569;0;0;"2012-02-05T23:59:59.999Z"
5.87451818;6.95094449;5.38284782;5.60291637;0;0;"2012-02-11T23:59:59.999Z"
4.62648753;4.86161499;3.77314074;4.41860632;0;0;"2012-02-17T23:59:59.999Z"
4.6697145;6.25050736;4.6697145;5.00086531;0;0;"2012-02-24T23:59:59.999Z"
4.96450481;5.56314227;4.57213061;4.92017298;0;0;"2012-03-01T23:59:59.999Z"
5.02265285;5.14158964;4.22933386;4.95315193;0;0;"2012-03-08T23:59:59.999Z"
5.2544392;5.57159337;4.33318951;5.38141987;0;0;"2012-03-14T23:59:59.999Z"
4.92404121;5.67434779;4.37678879;5.09948999;0;0;"2012-03-20T23:59:59.999Z"
4.68082521;5.12437158;3.94985448;4.80620916;0;0;"2012-03-27T23:59:59.999Z"
4.91445567;6.15731333;4.65945241;4.97362823;0;0;"2012-04-02T23:59:59.999Z"
4.88070972;5.70783611;4.6248108;4.89221328;0;0;"2012-04-08T23:59:59.999Z"
4.95941568;5.26157865;4.23832163;5.01805868;0;0;"2012-04-15T23:59:59.999Z"
5.31248974;6.56158317;5.17347271;5.25712563;0;0;"2012-04-21T23:59:59.999Z"
5.12464179;6.43952831;5.04476873;5.16151739;0;0;"2012-04-27T23:59:59.999Z"
5.13937057;5.13937057;4.19574137;5.10246095;0;0;"2012-05-04T23:59:59.999Z"
5.06546562;5.77195869;4.77402072;4.96058237;0;0;"2012-05-10T23:59:59.999Z"
5.03736854;5.97772684;4.49064571;5.08977236;0;0;"2012-05-16T23:59:59.999Z"
5.0981856;5.61483404;4.65220675;5.13753842;0;0;"2012-05-23T23:59:59.999Z"
5.11508307;5.53047509;4.37618069;5.15850195;0;0;"2012-05-29T23:59:59.999Z"
5.25522581;5.40767598;4.40623515;5.34085121;0;0;"2012-06-05T23:59:59.999Z"
5.47042042;6.39165519;5.11196816;5.59069132;0;0;"2012-06-11T23:59:59.999Z"
6.32294847;6.80995109;5.68565404;6.39889579;0;0;"2012-06-17T23:59:59.999Z"
6.51186054;7.29639751;5.96175079;6.59043921;0;0;"2012-06-24T23:59:59.999Z"
6.66230353;7.82767416;6.18553342;6.68107689;0;0;"2012-06-30T23:59:59.999Z"
6.63639586;7.3924443;5.97354315;6.75034749;0;0;"2012-07-06T23:59:59.999Z"
7.59193484;8.58520094;6.5398737;7.52227985;0;0;"2012-07-13T23:59:59.999Z"
9.17809969;10.05567249;8.28107156;9.0293306;0;0;"2012-07-19T23:59:59.999Z"
8.69009831;10.25510006;8.4386111;8.86464594;0;0;"2012-07-25T23:59:59.999Z"
9.33992756;11.61842945;8.55737156;9.50403719;0;0;"2012-08-01T23:59:59.999Z"
11.1687523;12.52675865;10.53374828;11.22610747;0;0;"2012-08-07T23:59:59.999Z"
11.92522642;13.75497837;10.6507976;12.09708967;0;0;"2012-08-14T23:59:59.999Z"
10.65922105;12.72032493;10.05848834;10.57540361;0;0;"2012-08-20T23:59:59.999Z"
10.30072572;11.03698602;8.84895617;10.61565392;0;0;"2012-08-26T23:59:59.999Z"
10.33971299;10.68245953;9.07521624;10.30820256;0;0;"2012-09-02T23:59:59.999Z"
11.14254072;12.07343672;10.09272312;11.11041779;0;0;"2012-09-08T23:59:59.999Z"
11.4385674;14.50442531;11.4385674;11.6137897;0;0;"2012-09-14T23:59:59.999Z"
12.42090736;13.74520861;11.69290843;12.47605424;0;0;"2012-09-21T23:59:59.999Z"
12.28952655;15.52398848;12.06994759;12.31059737;0;0;"2012-09-27T23:59:59.999Z"
12.77905409;15.72264143;11.93617692;12.88819855;0;0;"2012-10-03T23:59:59.999Z"
11.94813674;13.11913329;11.07069242;12.16532996;0;0;"2012-10-10T23:59:59.999Z"
11.86789624;12.64846682;10.7412008;11.90332637;0;0;"2012-10-16T23:59:59.999Z"
11.74277608;11.9799589;9.52428398;11.72711543;0;0;"2012-10-22T23:59:59.999Z"
10.69638249;11.23249375;8.72999032;10.62967463;0;0;"2012-10-29T23:59:59.999Z"
11.00521398;11.84827732;9.81384328;10.63117282;0;0;"2012-11-04T23:59:59.999Z"
10.89232104;11.8175409;9.09503583;10.91202168;0;0;"2012-11-11T23:59:59.999Z"
11.72587835;14.74238049;11.55043775;11.79418768;0;0;"2012-11-17T23:59:59.999Z"
11.92553135;14.02741997;11.5073016;12.33493223;0;0;"2012-11-23T23:59:59.999Z"
12.46174322;15.03030852;12.06921413;12.60555385;0;0;"2012-11-30T23:59:59.999Z"
13.34739734;15.18678814;11.83761505;13.44278213;0;0;"2012-12-06T23:59:59.999Z"
13.57595532;15.85975929;13.07489998;13.67323556;0;0;"2012-12-12T23:59:59.999Z"
13.37234159;14.30481638;11.21440073;13.45665339;0;0;"2012-12-19T23:59:59.999Z"
13.44967673;14.19164252;11.15790111;13.43245768;0;0;"2012-12-25T23:59:59.999Z"
13.48373286;16.58882814;12.69813116;13.5285789;0;0;"2012-12-31T23:59:59.999Z"
13.53211054;16.91231887;13.23551456;13.53184632;0;0;"2013-01-07T23:59:59.999Z"
14.27536731;14.46577695;11.58593779;14.30639922;0;0;"2013-01-13T23:59:59.999Z"
15.52211948;16.68811052;12.63774701;15.6536603;0;0;"2013-01-19T23:59:59.999Z"
18.55973701;19.86257534;15.60380885;18.47786419;0;0;"2013-01-26T23:59:59.999Z"
20.26148547;22.76794028;18.36848642;20.52404729;0;0;"2013-02-01T23:59:59.999Z"
21.70826787;24.69543726;21.09172778;22.24876393;0;0;"2013-02-08T23:59:59.999Z"
25.07835651;26.11643369;21.69268792;25.90549239;0;0;"2013-02-14T23:59:59.999Z"
27.50423436;32.31095947;27.29191045;29.6326173;0;0;"2013-02-20T23:59:59.999Z"
30.58781213;33.70528794;25.48741979;31.0517426;0;0;"2013-02-27T23:59:59.999Z"
34.27958051;39.04147046;31.94087977;38.11063417;0;0;"2013-03-05T23:59:59.999Z"
46.27252893;56.56057437;43.3243333;47.82448332;0;0;"2013-03-11T23:59:59.999Z"
47.74176036;61.81042716;47.67972635;51.01725682;0;0;"2013-03-18T23:59:59.999Z"
69.32250719;73.69499494;58.85496101;71.01798974;0;0;"2013-03-24T23:59:59.999Z"
88.02659634;94.77866004;75.06716119;91.95877005;0;0;"2013-03-30T23:59:59.999Z"
139.71194721;145.89388569;114.91242591;142.16482287;0;0;"2013-04-06T23:59:59.999Z"
150.85380718;150.85380718;98.20111074;117.58558608;0;0;"2013-04-12T23:59:59.999Z"
70.56431012;126.74905271;70.56431012;103.87391442;0;0;"2013-04-18T23:59:59.999Z"
148.82236146;160.39757887;129.29814492;152.67216657;0;0;"2013-04-25T23:59:59.999Z"
139;139.8899993896;107.7200012207;116.9899978638;0;1298954593.75;"2013-05-01T23:59:59.999Z"
109.5999984741;115.7799987793;109.5999984741;113.5660018921;0;1264049202.15;"2013-05-08T23:59:59.999Z"
117.9800033569;119.8000030518;110.25;111.5;0;1243874487.5;"2013-05-14T23:59:59.999Z"
122.5;123.6210021973;120.1200027466;122;0;1363709900;"2013-05-20T23:59:59.999Z"
133.5;135.4649963379;124.6999969482;129.7449951172;0;1454029509.62;"2013-05-27T23:59:59.999Z"
129.3000030518;129.3999938965;115.0500030518;122.2919998169;0;1373837499.9;"2013-06-02T23:59:59.999Z"
111;111.4150009155;107.3000030518;108.3000030518;0;1219717920;"2013-06-08T23:59:59.999Z"
100;103.6999969482;98;99.9880981445;0;1129245603.78;"2013-06-15T23:59:59.999Z"
111.2900009155;114.9899978638;107.6849975586;109.5;0;1239214237.5;"2013-06-21T23:59:59.999Z"
104;104;101.0999984741;101.43699646;0;1150468022.9;"2013-06-27T23:59:59.999Z"
78.8899993896;83.1050033569;72;80.5258026123;0;915618608.9;"2013-07-04T23:59:59.999Z"
76.7200012207;87;76.1999969482;86.7600021362;0;988957719;"2013-07-10T23:59:59.999Z"
96.7099990845;99.9700012207;96.1800003052;98.5;0;1125658000;"2013-07-17T23:59:59.999Z"
91.5999984741;96.8192977905;91.5999984741;95.5585021973;0;1094484057.67;"2013-07-23T23:59:59.999Z"
98.5999984741;102.5;98.4550018311;101.1999969482;0;1161619140;"2013-07-29T23:59:59.999Z"
105.1200027466;107.7699966431;105;106.2200012207;0;1222677176;"2013-08-05T23:59:59.999Z"
103;105.1900024414;102.7549972534;105;0;1211789250;"2013-08-11T23:59:59.999Z"
108.9940032959;113.75;108.2249984741;113.5;0;1312996375;"2013-08-17T23:59:59.999Z"
118.5100021362;121.3899993896;118.0199966431;120.0449981689;0;1392768092.25;"2013-08-24T23:59:59.999Z"
122.3499984741;135.75;120.9899978638;133.4900054932;0;1552288465;"2013-08-30T23:59:59.999Z"
126.7600021362;131.4400024414;121.8300018311;126.4300003052;0;1473965190.5;"2013-09-05T23:59:59.999Z"
135.5500030518;136.0800018311;131.8099975586;133.1300048828;0;1556386219.25;"2013-09-12T23:59:59.999Z"
131.7100067139;133.1999969482;130.5399932861;131.4700012207;0;1540598327.5;"2013-09-18T23:59:59.999Z"
126.0500030518;127.4599990845;125.3899993896;127.25;0;1494974356.25;"2013-09-24T23:59:59.999Z"
132.6799926758;134.6300048828;131.5500030518;132.1799926758;0;1557001092;"2013-10-01T23:59:59.999Z"
129.4299926758;130.2700042725;126.3600006104;126.9400024414;0;1498859917.5;"2013-10-07T23:59:59.999Z"
139.2700042725;144.1199951172;138.8999938965;140.5200042725;0;1664129178;"2013-10-14T23:59:59.999Z"
171.6600036621;174.9100036621;168.9499969482;174.6100006104;0;2073319140;"2013-10-20T23:59:59.999Z"
187.4499969482;188.4100036621;175.75;177.3200073242;0;2111296044;"2013-10-26T23:59:59.999Z"
205.8099975586;207.7599945068;201.6499938965;206.2200012207;0;2462261644.5;"2013-11-02T23:59:59.999Z"
297.8500061035;338.6600036621;296.9299926758;338.1099853516;0;4045494602.75;"2013-11-08T23:59:59.999Z"
406.4100036621;425.8999938965;395.1900024414;420.200012207;0;5038817795;"2013-11-14T23:59:59.999Z"
594.3200073242;733.4000244141;577.2899780273;722.4299926758;0;8684240726.25;"2013-11-21T23:59:59.999Z"
923.8499755859;1001.9600219727;891.6799926758;1001.9600219727;0;12069885699;"2013-11-27T23:59:59.999Z"
1046.4000244141;1096;1011.2100219727;1078.2800292969;0;13018451838;"2013-12-03T23:59:59.999Z"
892.3200073242;997.2299804688;892.3200073242;988.5100097656;0;11966951485.5;"2013-12-10T23:59:59.999Z"
880.3300170898;882.25;668.25;705.9699707031;0;8565534010;"2013-12-16T23:59:59.999Z"
601.7800292969;666.7399902344;585.6400146484;617.1799926758;0;7505757422.5;"2013-12-22T23:59:59.999Z"
728.049987793;748.6099853516;714.4400024414;745.049987793;19011300;9082103621.25;"2013-12-29T23:59:59.999Z"
823.2700195313;859.5100097656;801.6699829102;859.5100097656;38005000;10477362436.8;"2014-01-04T23:59:59.999Z"
867.3200073242;921.4799804688;861.7199707031;913.950012207;44754200;11195636163.8;"2014-01-11T23:59:59.999Z"
834.4899902344;842.9099731445;797.6300048828;814.6400146484;39031700;10000663202;"2014-01-17T23:59:59.999Z"
845.4600219727;851.5700073242;819.3200073242;822.0399780273;15607100;10113558120;"2014-01-23T23:59:59.999Z"
826.0200195313;830.5;799.0599975586;819.0300292969;29918200;10100339387.2;"2014-01-30T23:59:59.999Z"
829.9600219727;837.3200073242;811.9099731445;811.9099731445;22395100;10034436285.5;"2014-02-05T23:59:59.999Z"
683.5;712.4600219727;636.6599731445;672.1699829102;72745200;8323817195;"2014-02-11T23:59:59.999Z"
627.1599731445;645.7600097656;612.5399780273;626.5999755859;20015100;7779035355;"2014-02-18T23:59:59.999Z"
606.0399780273;607.6099853516;538.700012207;546.3200073242;57893900;6796971990;"2014-02-24T23:59:59.999Z"
567.2299804688;570.4799804688;553.2700195313;559.7899780273;7950760;6978524071.75;"2014-03-02T23:59:59.999Z"
616.3099975586;643.950012207;612.3499755859;636.9600219727;15396500;7958687808;"2014-03-09T23:59:59.999Z"
629.3699951172;639.1400146484;627.299987793;636.1199951172;4342080;7963443153;"2014-03-15T23:59:59.999Z"
588.2940063477;604.5919799805;561.8129882813;571.4899902344;38414100;7168656262;"2014-03-21T23:59:59.999Z"
477.1430053711;526.0230102539;473.2340087891;495.6659851074;58828300;6232801683.6;"2014-03-28T23:59:59.999Z"
436.4440002441;449.5650024414;414.8900146484;444.7179870605;40765500;5604036051.35;"2014-04-03T23:59:59.999Z"
442.2560119629;443.3659973145;358.7319946289;365.175994873;55868300;4611917256.8;"2014-04-10T23:59:59.999Z"
522.1849975586;542.3779907227;502.7810058594;527.3950195313;56480100;6674473792.25;"2014-04-16T23:59:59.999Z"
495.4549865723;503.2219848633;487.5799865723;487.9240112305;11670900;6187034895.3;"2014-04-22T23:59:59.999Z"
439.983001709;451.6359863281;435.1809997559;447.2090148926;16401400;5683724523.93;"2014-04-29T23:59:59.999Z"
434.7820129395;440.9739990234;427.6170043945;433.4819946289;10004800;5518951942.35;"2014-05-05T23:59:59.999Z"
453.9200134277;455.3389892578;433.4010009766;438.8859863281;12251700;5598956479.2;"2014-05-11T23:59:59.999Z"
448.7009887695;449.766998291;444.783996582;446.2640075684;2857830;5706165792.6;"2014-05-18T23:59:59.999Z"
521.0510253906;525.1699829102;516.2810058594;525.1380004883;11499300;6727963028.4;"2014-05-24T23:59:59.999Z"
568.1770019531;618.4580078125;568.1569824219;615.325012207;31985400;7897757907.5;"2014-05-30T23:59:59.999Z"
659.2830200195;661.366027832;652.3040161133;653.7020263672;18680100;8409353268.4;"2014-06-06T23:59:59.999Z"
633.4279785156;638.1090087891;573.2719726563;586.9520263672;50818800;7564343900;"2014-06-12T23:59:59.999Z"
608.0700073242;612.241027832;597.0180053711;598.0709838867;12803800;7726000792.2;"2014-06-19T23:59:59.999Z"
581.8090209961;583.5989990234;565.625;566.3359985352;20687700;7331658430.4;"2014-06-25T23:59:59.999Z"
641.3909912109;657.8579711914;640.1069946289;640.8060302734;38446300;8311317900.6;"2014-07-01T23:59:59.999Z"
622.5700073242;626.6950073242;620.9069824219;624.8179931641;10005500;8120056625.75;"2014-07-08T23:59:59.999Z"
626.5620117188;627.3419799805;617.3220214844;619.3150024414;12706800;8062877467.88;"2014-07-14T23:59:59.999Z"
628.5590209961;628.5590209961;622.7750244141;623.9000244141;5760120;8137808455;"2014-07-20T23:59:59.999Z"
595.6719970703;598.9420166016;593.4299926758;593.8519897461;7774230;7761289328.8;"2014-07-27T23:59:59.999Z"
594.8980102539;594.9099731445;586.1550292969;589.3330078125;8359080;7716181168.97;"2014-08-02T23:59:59.999Z"
588.875;598.116027832;588.791015625;592.5770263672;11072000;7771958457.93;"2014-08-08T23:59:59.999Z"
511.1380004883;518.1790161133;487.925994873;497.0100097656;25598300;6533519506.5;"2014-08-15T23:59:59.999Z"
510.449005127;531.9000244141;510.449005127;517.2369995117;49444200;6812929385.67;"2014-08-21T23:59:59.999Z"
512.1890258789;520.708984375;510.9219970703;511.1530151367;22648500;6744868296.2;"2014-08-27T23:59:59.999Z"
476.8710021973;481.7120056152;476.2080078125;477.5859985352;13342200;6315859936.3;"2014-09-03T23:59:59.999Z"
474.8800048828;477.3770141602;467.7780151367;475.2600097656;21447800;6296101902;"2014-09-09T23:59:59.999Z"
474.8619995117;475.641998291;465.1279907227;466.0570068359;16797300;6187570806.23;"2014-09-16T23:59:59.999Z"
399.1000061035;406.9159851074;397.1300048828;402.1520080566;24127600;5349637033.8;"2014-09-22T23:59:59.999Z"
399.4710083008;401.016998291;374.3320007324;377.1809997559;23613300;5025729375.45;"2014-09-28T23:59:59.999Z"
328.9159851074;341.800994873;289.2959899902;320.5100097656;83308096;4279040869.75;"2014-10-05T23:59:59.999Z"
361.3619995117;367.1910095215;355.9509887695;362.2990112305;13345200;4844961124.67;"2014-10-11T23:59:59.999Z"
382.7560119629;385.4779968262;375.3890075684;383.7579956055;13600700;5140342470.5;"2014-10-17T23:59:59.999Z"
358.591003418;364.3450012207;353.3049926758;358.3450012207;15585700;4809419914;"2014-10-24T23:59:59.999Z"
335.7090148926;350.9129943848;335.0719909668;345.3049926758;30177900;4642194093.75;"2014-10-30T23:59:59.999Z"
330.683013916;343.3689880371;330.683013916;339.4859924316;19817200;4572205935.15;"2014-11-05T23:59:59.999Z"
367.9849853516;429.7179870605;367.9849853516;423.5610046387;45783200;5715426243.75;"2014-11-12T23:59:59.999Z"
387.7850036621;392.4020080566;371.1170043945;375.1979980469;32222500;5071157408.1;"2014-11-18T23:59:59.999Z"
366.9479980469;387.2090148926;366.6690063477;376.9010009766;30930100;5102174794.68;"2014-11-24T23:59:59.999Z"
378.2489929199;383.6619873047;376.6690063477;379.2449951172;11763000;5143434463.5;"2014-12-01T23:59:59.999Z"
374.8359985352;376.2919921875;373.2749938965;375.0950012207;6491650;5094943517.12;"2014-12-07T23:59:59.999Z"
346.7269897461;353.3160095215;345.4179992676;351.6319885254;12415200;4785245607.6;"2014-12-14T23:59:59.999Z"
317.6189880371;330.325012207;316.0440063477;329.9559936523;20856700;4496945577.3;"2014-12-20T23:59:59.999Z"
319.1520080566;331.4240112305;316.6270141602;327.9240112305;16410500;4476703674.6;"2014-12-26T23:59:59.999Z"
314.0790100098;315.8389892578;313.5650024414;315.0320129395;7860650;4309551126.2;"2015-01-02T23:59:59.999Z"
294.1350097656;294.1350097656;282.174987793;283.3489990234;19982500;3882766765.62;"2015-01-08T23:59:59.999Z"
223.8939971924;223.8939971924;171.5099945068;178.1029968262;97638704;2444379076.08;"2015-01-14T23:59:59.999Z"
211.3780059814;227.7879943848;211.2120056152;226.8970031738;29924600;3119680594.53;"2015-01-21T23:59:59.999Z"
273.1669921875;275.4800109863;250.6529998779;263.4750061035;44399000;3627760927.5;"2015-01-27T23:59:59.999Z"
226.4909973145;242.1750030518;222.658996582;238.2290039063;30612100;3285797305.4;"2015-02-02T23:59:59.999Z"
223.3890075684;223.9770050049;217.0189971924;220.1100006104;27791300;3041799139.5;"2015-02-09T23:59:59.999Z"
257.5069885254;265.6109924316;227.6840057373;234.8249969482;56552400;3250242178.12;"2015-02-15T23:59:59.999Z"
243.7519989014;255.3200073242;243.1840057373;244.533996582;12284200;3390372209.75;"2015-02-21T23:59:59.999Z"
253.5200042725;254.6920013428;249.4790039063;254.2630004883;13949300;3531776635.75;"2015-02-28T23:59:59.999Z"
275.6000061035;277.608001709;270.0150146484;272.7229919434;28918900;3794156466.38;"2015-03-06T23:59:59.999Z"
294.1180114746;294.4979858398;285.3370056152;285.3370056152;31421500;3976948638.32;"2015-03-13T23:59:59.999Z"
255.8800048828;264.2439880371;248.6360015869;260.9280090332;52732000;3642156964.8;"2015-03-19T23:59:59.999Z"
247.4720001221;249.1900024414;236.5149993896;246.1970062256;35866900;3442129496.4;"2015-03-25T23:59:59.999Z"
244.2230072021;247.5410003662;241.1600036621;247.2720031738;22877200;3463619267.4;"2015-04-01T23:59:59.999Z"
255.2740020752;255.8049926758;252.2050018311;253.1799926758;18467400;3552014128;"2015-04-07T23:59:59.999Z"
235.9499969482;236.9349975586;221.9960021973;224.5870056152;31181800;3155548414.15;"2015-04-13T23:59:59.999Z"
222.6119995117;226.3509979248;221.9770050049;224.6260070801;18364700;3161599718.7;"2015-04-20T23:59:59.999Z"
226.4100036621;226.9440002441;214.8739929199;219.4299926758;28943700;3093216938;"2015-04-26T23:59:59.999Z"
232.341003418;235.7270050049;232.341003418;234.9299926758;12535500;3316683007.5;"2015-05-02T23:59:59.999Z"
243.7689971924;247.8040008545;239.6390075684;241.8320007324;19790500;3420193701.2;"2015-05-09T23:59:59.999Z"
236.9550018311;238.7530059814;236.7949981689;237.6049957275;16329400;3365752046.62;"2015-05-15T23:59:59.999Z"
234.0160064697;236.2420043945;233.8350067139;235.3439941406;15108900;3338890047.6;"2015-05-21T23:59:59.999Z"
237.2570037842;237.824005127;236.6519927979;237.4080047607;13829600;3373816958.4;"2015-05-28T23:59:59.999Z"
225.7359924316;227.404006958;223.9299926758;225.8739929199;17752400;3214774292.4;"2015-06-03T23:59:59.999Z"
228.9949951172;229.7819976807;228.0099945068;228.8029937744;15904800;3262644978.88;"2015-06-10T23:59:59.999Z"
236.7649993896;251.7420043945;236.1219940186;250.8950042725;41612000;3582987588.38;"2015-06-16T23:59:59.999Z"
243.9689941406;247.9170074463;243.779006958;246.9900054932;17692500;3532599174;"2015-06-22T23:59:59.999Z"
248.720993042;257.1730041504;248.5809936523;257.0639953613;34742900;3683193712.2;"2015-06-29T23:59:59.999Z"
260.8049926758;274.5060119629;258.7009887695;271.9129943848;44156100;3901985539.12;"2015-07-05T23:59:59.999Z"
284.8800048828;298.5060119629;283.5299987793;293.1149902344;41109900;4212919911.38;"2015-07-11T23:59:59.999Z"
279.3309936523;282.5270080566;274.075012207;274.9010009766;25187100;3958065833.15;"2015-07-18T23:59:59.999Z"
276.0050048828;289.2529907227;275.2539978027;288.2780151367;37199400;4157148933.75;"2015-07-24T23:59:59.999Z"
289.1029968262;290.1260070801;286.5679931641;287.7219848633;21635800;4155381826.7;"2015-07-30T23:59:59.999Z"
281.9060058594;281.9060058594;278.4030151367;278.5769958496;18792100;4030445071.57;"2015-08-06T23:59:59.999Z"
270.5979919434;270.6730041504;265.4689941406;266.3760070801;26815400;3859888131;"2015-08-12T23:59:59.999Z"
225.671005249;237.408996582;222.7660064697;226.6840057373;60869200;3290448603.3;"2015-08-19T23:59:59.999Z"
210.0679931641;226.3209991455;199.5670013428;221.6089935303;61089200;3221751642;"2015-08-25T23:59:59.999Z"
229.1139984131;231.9559936523;225.9149932861;230.0559997559;20710700;3349845416;"2015-08-31T23:59:59.999Z"
239.9340057373;242.1060028076;238.7220001221;239.8470001221;21192200;3498762116.33;"2015-09-07T23:59:59.999Z"
235.2420043945;235.9349975586;229.3320007324;230.5119934082;18478800;3367774557.2;"2015-09-13T23:59:59.999Z"
232.858001709;233.2050018311;231.0890045166;231.4929962158;12712600;3387141915.42;"2015-09-19T23:59:59.999Z"
235.0760040283;235.4029998779;233.358001709;234.3399963379;13724100;3434809257.5;"2015-09-26T23:59:59.999Z"
237.2640075684;238.5410003662;236.6029968262;237.2929992676;19677900;3483431578.38;"2015-10-02T23:59:59.999Z"
243.0749969482;244.2510070801;242.1790008545;242.3040008545;18515300;3562238313.6;"2015-10-08T23:59:59.999Z"
252.1069946289;255.9620056152;252.046005249;254.3200073242;25223500;3745440578;"2015-10-15T23:59:59.999Z"
269.3059997559;270.7699890137;263.8389892578;266.2720031738;25637300;3927192473.6;"2015-10-21T23:59:59.999Z"
285.1809997559;296.2120056152;285.0079956055;293.7879943848;46331800;4339689442;"2015-10-27T23:59:59.999Z"
361.8729858398;417.8999938965;357.6470031738;403.4169921875;206162000;5969855534.82;"2015-11-03T23:59:59.999Z"
374.324005127;385.2780151367;362.8949890137;380.2569885254;68224400;5635560842.8;"2015-11-09T23:59:59.999Z"
319.7349853516;331.6260070801;315.9049987793;330.7510070801;47980100;4911040460.65;"2015-11-16T23:59:59.999Z"
326.9750061035;327.0100097656;321.2590026855;324.5360107422;23439400;4826466938.4;"2015-11-22T23:59:59.999Z"
357.1409912109;359.5360107422;352.1719970703;357.3810119629;36816600;5323252536.67;"2015-11-28T23:59:59.999Z"
363.7210083008;389.7850036621;363.2290039063;388.949005127;66282200;5804247032.1;"2015-12-05T23:59:59.999Z"
415.2810058594;451.9379882813;415.2810058594;451.9379882813;110944000;6755795193;"2015-12-11T23:59:59.999Z"
454.7770080566;457.8599853516;448.858001709;456.0780029297;47978400;6829095334.95;"2015-12-17T23:59:59.999Z"
443.091003418;458.4559936523;443.0769958496;454.9849853516;57157200;6825070740.25;"2015-12-24T23:59:59.999Z"
433.299987793;434.3869934082;422.0840148926;426.6199951172;46889400;6410381454.5;"2015-12-30T23:59:59.999Z"
433.0690002441;434.1820068359;429.675994873;431.9599914551;34522600;6500393256;"2016-01-05T23:59:59.999Z"
448.1820068359;448.1820068359;435.6900024414;435.6900024414;115607000;6568800099.75;"2016-01-12T23:59:59.999Z"
381.733001709;388.1040039063;376.6650085449;387.1679992676;54403900;5845656048;"2016-01-18T23:59:59.999Z"
388.1019897461;405.4849853516;387.5100097656;402.9710083008;54824800;6093787907.65;"2016-01-24T23:59:59.999Z"
378.2929992676;380.3469848633;367.8349914551;368.766998291;37894300;5587253351.23;"2016-01-31T23:59:59.999Z"
386.5889892578;386.6310119629;372.3869934082;376.5220031738;49249300;5714879155.15;"2016-02-06T23:59:59.999Z"
384.6409912109;391.8599853516;384.6409912109;391.8599853516;61911700;5959279525.5;"2016-02-13T23:59:59.999Z"
422.7300109863;423.1040039063;417.6040039063;420.7850036621;55711300;6408881658.38;"2016-02-19T23:59:59.999Z"
425.0369873047;427.7189941406;420.4150085449;424.5440063477;70798000;6474784225.6;"2016-02-25T23:59:59.999Z"
423.9119873047;425.3729858398;419.4110107422;421.6510009766;100484000;6441066887.07;"2016-03-03T23:59:59.999Z"
413.8940124512;416.0320129395;411.6059875488;414.8599853516;70012304;6346735710;"2016-03-09T23:59:59.999Z"
416.3880004883;418.1310119629;414.9849853516;416.8299865723;66781700;6386304533.75;"2016-03-15T23:59:59.999Z"
413.1319885254;418.375;412.5310058594;418.0889892578;66813300;6416025150.68;"2016-03-22T23:59:59.999Z"
426.5480041504;426.8569946289;423.2929992676;424.2309875488;68522800;6519889575.48;"2016-03-28T23:59:59.999Z"
421.1730041504;421.5799865723;419.6969909668;420.9039916992;38053700;6477828308.6;"2016-04-03T23:59:59.999Z"
419.592010498;422.4349975586;419.2569885254;421.5639953613;73478600;6499536743.7;"2016-04-10T23:59:59.999Z"
429.575012207;432.625;428.9840087891;430.5719909668;39392800;6648182380.2;"2016-04-16T23:59:59.999Z"
449.6879882813;449.8099975586;444.1499938965;445.7369995117;58804400;6892364370.45;"2016-04-22T23:59:59.999Z"
449.407989502;455.3840026855;446.016998291;455.0969848633;49258500;7048201013.25;"2016-04-29T23:59:59.999Z"
446.7109985352;448.5060119629;445.8829956055;447.9760131836;50440800;6948331748;"2016-05-05T23:59:59.999Z"
452.4469909668;454.949005127;449.25;454.7659912109;59849300;7065960832.45;"2016-05-12T23:59:59.999Z"
453.6910095215;455.9979858398;453.2990112305;454.6189880371;86850096;7073564772.18;"2016-05-18T23:59:59.999Z"
444.2909851074;447.1000061035;443.9299926758;445.9809875488;65783100;6949432035.35;"2016-05-24T23:59:59.999Z"
534.1909790039;546.617980957;520.6619873047;531.3859863281;138450000;8293035755.05;"2016-05-31T23:59:59.999Z"
574.6019897461;586.4699707031;574.6019897461;585.5369873047;72138896;9151021089.23;"2016-06-06T23:59:59.999Z"
609.6840209961;684.8439941406;607.0390014648;672.783996582;277084992;10529624646.8;"2016-06-12T23:59:59.999Z"
756.6879882813;766.6209716797;745.6279907227;763.7810058594;136184992;11974386667.3;"2016-06-19T23:59:59.999Z"
665.2810058594;691.7310180664;646.5590209961;665.1229858398;126656000;10442165050.8;"2016-06-25T23:59:59.999Z"
672.5150146484;686.1539916992;669.5939941406;676.2960205078;134431008;10632674989.8;"2016-07-01T23:59:59.999Z"
640.6879882813;666.7069702148;636.4669799805;666.5230102539;141970000;10496037616.4;"2016-07-08T23:59:59.999Z"
652.9229736328;662.9019775391;652.9229736328;658.0780029297;98511400;10370714377.5;"2016-07-14T23:59:59.999Z"
665.2280273438;666.2189941406;660.4149780273;665.0120239258;60491800;10487976073.3;"2016-07-21T23:59:59.999Z"
651.6270141602;657.4559936523;648.4470214844;654.3519897461;147460992;10325917978.9;"2016-07-27T23:59:59.999Z"
606.3969726563;612.8480224609;531.333984375;547.4650268555;330932992;8644864334.94;"2016-08-02T23:59:59.999Z"
591.0380249023;591.091003418;584.7930297852;587.8010253906;92228096;9289374234.8;"2016-08-09T23:59:59.999Z"
570.4940185547;573.5800170898;563.2399902344;567.2399902344;57262300;8970719083.2;"2016-08-15T23:59:59.999Z"
581.9390258789;584.1580200195;580.2180175781;581.3079833984;38299400;9199366516.7;"2016-08-21T23:59:59.999Z"
569.8300170898;574.0380249023;569.7399902344;573.9119873047;86301600;9089312934.82;"2016-08-28T23:59:59.999Z"
575.5549926758;599.5;574.0560302734;598.2119750977;159014000;9480380026.32;"2016-09-03T23:59:59.999Z"
626.3519897461;626.8300170898;620.2630004883;622.8610229492;64550200;9877681031.6;"2016-09-09T23:59:59.999Z"
607.2459716797;609.2609863281;606.7349853516;606.9730224609;64963400;9633710359.34;"2016-09-16T23:59:59.999Z"
597.2789916992;598.4869995117;596.2130126953;596.2979736328;67085300;9470698214.62;"2016-09-22T23:59:59.999Z"
606.242980957;606.5900268555;604.6069946289;604.7280273438;48722600;9611532318.53;"2016-09-28T23:59:59.999Z"
610.2180175781;613.8140258789;609.6170043945;612.5109863281;68077504;9743018923.52;"2016-10-05T23:59:59.999Z"
619.2379760742;642.0800170898;618.5;641.0720214844;103590000;10204214838.5;"2016-10-11T23:59:59.999Z"
639.4110107422;640.7360229492;635.9959716797;637.9600219727;65546700;10162029114.2;"2016-10-18T23:59:59.999Z"
657.1610107422;657.2520141602;652.5949707031;653.7609863281;62218200;10420469171.9;"2016-10-24T23:59:59.999Z"
714.117980957;714.117980957;696.4749755859;701.8640136719;100665000;11194834675.9;"2016-10-30T23:59:59.999Z"
703.8120117188;714.2579956055;699.5599975586;711.5219726563;59902200;11357385316.2;"2016-11-06T23:59:59.999Z"
716.7520141602;717.1480102539;704.0349731445;705.0540161133;64622500;11262273136.1;"2016-11-12T23:59:59.999Z"
740.7050170898;752.882019043;736.8900146484;751.5850219727;87363104;12021432968.4;"2016-11-18T23:59:59.999Z"
740.4420166016;741.6489868164;734.591003418;741.6489868164;67807600;11871816578.9;"2016-11-25T23:59:59.999Z"
757.5449829102;781.2960205078;757.5449829102;777.9439697266;127605000;12462935160.4;"2016-12-02T23:59:59.999Z"
768.0759887695;774.6979980469;765.9459838867;770.8099975586;80111904;12357837892.8;"2016-12-08T23:59:59.999Z"
780.0700073242;781.4349975586;777.8020019531;778.0880126953;81580096;12484761984.5;"2016-12-15T23:59:59.999Z"
800.6439819336;834.2810058594;799.4050292969;834.2810058594;155576000;13395445163.3;"2016-12-21T23:59:59.999Z"
908.3540039063;940.0479736328;904.2550048828;933.1979980469;167308000;14994286713.1;"2016-12-27T23:59:59.999Z"
1021.5999755859;1044.0799560547;1021.5999755859;1043.8399658203;185168000;16786368910.1;"2017-01-03T23:59:59.999Z"
913.2440185547;913.6859741211;879.8070068359;902.8280029297;141876992;14528815565.3;"2017-01-09T23:59:59.999Z"
821.7830200195;834.5300292969;820.2709960938;831.533996582;82755200;13393372619.5;"2017-01-16T23:59:59.999Z"
922.2050170898;937.5250244141;897.5640258789;924.6729736328;116573000;14905439337.4;"2017-01-22T23:59:59.999Z"
919.8109741211;923.9110107422;919.8109741211;921.5900268555;68979600;14866260449;"2017-01-28T23:59:59.999Z"
1031.3299560547;1045.9000244141;1015.1599731445;1042.9000244141;155064000;16837411920;"2017-02-04T23:59:59.999Z"
995.632019043;998.9050292969;946.6909790039;988.6740112305;190452000;15973053724.9;"2017-02-10T23:59:59.999Z"
1007.6500244141;1033.3699951172;1007.6500244141;1027.4399414063;122277000;16610905026;"2017-02-16T23:59:59.999Z"
1117.2700195313;1176.6199951172;1116.9599609375;1166.7199707031;189454000;18877442096;"2017-02-23T23:59:59.999Z"
1180.0400390625;1222.5;1179.6899414063;1222.5;229056992;19794459607.5;"2017-03-01T23:59:59.999Z"
1273.2099609375;1275.5500488281;1204.8000488281;1223.5400390625;291256000;19824773912;"2017-03-07T23:59:59.999Z"
1232.1600341797;1244.8100585938;1220.7199707031;1240;245306000;20107761880;"2017-03-14T23:59:59.999Z"
1037.2399902344;1063.0300292969;1036.6800537109;1054.2299804688;286529984;17107266418.3;"2017-03-20T23:59:59.999Z"
974.0150146484;1007.9600219727;954.1859741211;966.7249755859;303668000;15698465530.7;"2017-03-26T23:59:59.999Z"
1080.6099853516;1107.5899658203;1075.4499511719;1102.1700439453;514187008;17911915755;"2017-04-02T23:59:59.999Z"
1172.6500244141;1184.9799804688;1162.5799560547;1175.9499511719;209312000;19124327856.2;"2017-04-08T23:59:59.999Z"
1167.3000488281;1188;1164.9599609375;1172.5200195313;203559008;19083656460.2;"2017-04-15T23:59:59.999Z"
1229.4200439453;1235.9399414063;1215.5600585938;1222.0500488281;272167008;19903192286.2;"2017-04-21T23:59:59.999Z"
1281.8800048828;1319.6999511719;1281.3000488281;1317.7299804688;449196992;21475836448;"2017-04-27T23:59:59.999Z"
1490.7199707031;1608.9100341797;1490.7199707031;1537.6700439453;933548992;25080858486.5;"2017-05-04T23:59:59.999Z"
1756.5200195313;1788.4399414063;1719.0999755859;1787.1300048828;915723008;29170965564;"2017-05-10T23:59:59.999Z"
1741.6999511719;1785.9399414063;1686.5400390625;1734.4499511719;959044992;28330874003.4;"2017-05-16T23:59:59.999Z"
2191.5600585938;2320.8200683594;2178.5;2320.419921875;1378749952;37933704065.5;"2017-05-23T23:59:59.999Z"
2159.4299316406;2307.0500488281;2107.169921875;2255.6101074219;994625024;36901102917;"2017-05-29T23:59:59.999Z"
2547.7900390625;2585.8898925781;2452.5400390625;2511.8100585938;1355120000;41124262595.2;"2017-06-04T23:59:59.999Z"
2942.4099121094;2996.6000976563;2840.5300292969;2958.1101074219;1752400000;48471330146.3;"2017-06-11T23:59:59.999Z"
2514.0100097656;2685.1899414063;2484.9599609375;2655.8798828125;1534509952;43548031451.6;"2017-06-17T23:59:59.999Z"
2738.5200195313;2757.9399414063;2583.1899414063;2608.7199707031;982750016;42807952580.6;"2017-06-24T23:59:59.999Z"
2539.2399902344;2559.25;2478.4299316406;2480.8400878906;860273024;40735082695;"2017-06-30T23:59:59.999Z"
2608.1000976563;2616.7199707031;2581.6899414063;2608.5600585938;761956992;42863758794.7;"2017-07-06T23:59:59.999Z"
2402.6999511719;2425.2199707031;2340.830078125;2357.8999023438;835769984;38778935907.3;"2017-07-13T23:59:59.999Z"
2323.080078125;2397.169921875;2260.2299804688;2273.4299316406;1245100032;37415031060.8;"2017-07-19T23:59:59.999Z"
2757.5;2768.080078125;2480.9599609375;2576.4799804688;1460089984;42433788244;"2017-07-25T23:59:59.999Z"
2871.3000488281;2921.3500976563;2685.6101074219;2718.2600097656;1324669952;44804603884.5;"2017-08-01T23:59:59.999Z"
3212.7800292969;3397.6799316406;3180.8898925781;3378.9399414063;1482279936;55734179250.5;"2017-08-07T23:59:59.999Z"
3880.0400390625;4208.3901367188;3857.8000488281;4073.2600097656;3159089920;67230528988.6;"2017-08-13T23:59:59.999Z"
4189.3100585938;4196.2900390625;4069.8798828125;4087.6599121094;2109769984;67520478837.5;"2017-08-20T23:59:59.999Z"
4372.0600585938;4379.2797851563;4269.5200195313;4352.3999023438;1511609984;71929882018.8;"2017-08-26T23:59:59.999Z"
4701.759765625;4892.009765625;4678.5297851563;4892.009765625;2599079936;80905039782;"2017-09-01T23:59:59.999Z"
4605.16015625;4661;4075.1799316406;4228.75;2700890112;69999555937.5;"2017-09-08T23:59:59.999Z"
3875.3701171875;3920.6000976563;3153.8601074219;3154.9499511719;2716310016;52265453816.2;"2017-09-14T23:59:59.999Z"
3901.4699707031;3916.419921875;3613.6298828125;3631.0400390625;1411480064;60202370872;"2017-09-21T23:59:59.999Z"
3892.9399414063;4210.0498046875;3884.8200683594;4200.669921875;1686880000;69691950752.2;"2017-09-27T23:59:59.999Z"
4408.4599609375;4432.4702148438;4258.8901367188;4317.4799804688;1288019968;71681069637;"2017-10-03T23:59:59.999Z"
4776.2099609375;4922.169921875;4765.1000976563;4781.990234375;1597139968;79457603223.9;"2017-10-10T23:59:59.999Z"
5687.5698242188;5776.2299804688;5544.2099609375;5725.58984375;2008070016;95203392843;"2017-10-16T23:59:59.999Z"
6036.66015625;6076.259765625;5792.33984375;6008.419921875;2034630016;99981911326;"2017-10-22T23:59:59.999Z"
5754.4399414063;6255.7099609375;5724.580078125;6153.8500976563;2859040000;102482445590;"2017-10-29T23:59:59.999Z"
7164.4799804688;7492.8598632813;7031.2797851563;7379.9501953125;2483800064;122978748805;"2017-11-04T23:59:59.999Z"
7173.7299804688;7312;6436.8701171875;6618.1401367188;5208249856;110354089394;"2017-11-10T23:59:59.999Z"
7853.5698242188;8004.58984375;7561.08984375;7708.990234375;4651670016;128621507062;"2017-11-17T23:59:59.999Z"
8232.3798828125;8267.400390625;8038.7700195313;8038.7700195313;4225179904;134227860479;"2017-11-23T23:59:59.999Z"
10077.400390625;11517.400390625;9601.0302734375;9888.6103515625;11568799744;165233728795;"2017-11-29T23:59:59.999Z"
11923.400390625;14369.099609375;11923.400390625;14291.5;12656300032;239024437136;"2017-12-06T23:59:59.999Z"
16919.80078125;17781.80078125;16571.599609375;17415.400390625;14603799552;291483935710;"2017-12-12T23:59:59.999Z"
19118.30078125;19177.80078125;17275.400390625;17776.69921875;16894499840;297801055828;"2017-12-19T23:59:59.999Z"
13995.900390625;14593;13448.900390625;14026.599609375;10664699904;235126843805;"2017-12-25T23:59:59.999Z"
12897.7001953125;14377.400390625;12755.599609375;14156.400390625;12136299520;237465823980;"2017-12-31T23:59:59.999Z"
17527.30078125;17579.599609375;16087.7001953125;16477.599609375;15866000384;276634797271;"2018-01-07T23:59:59.999Z"
13952.400390625;14659.5;13952.400390625;14360.2001953125;12763599872;241268592240;"2018-01-13T23:59:59.999Z"
11429.7998046875;11992.7998046875;11172.099609375;11607.400390625;10740400128;195158837709;"2018-01-19T23:59:59.999Z"
11256;11656.7001953125;10470.2998046875;11171.400390625;9746199552;187995804677;"2018-01-26T23:59:59.999Z"
10237.2998046875;10288.7998046875;8812.2802734375;9170.5400390625;9959400448;154428564694;"2018-02-01T23:59:59.999Z"
7755.490234375;8509.1103515625;7236.7900390625;7621.2998046875;9169280000;128435001186;"2018-02-07T23:59:59.999Z"
8599.919921875;9518.5400390625;8599.919921875;9494.6298828125;7909819904;160131558835;"2018-02-14T23:59:59.999Z"
11231.7998046875;11958.5;11231.7998046875;11403.7001953125;9926540288;192457815912;"2018-02-20T23:59:59.999Z"
9669.4296875;10475;9501.73046875;10366.7001953125;7287690240;175076064010;"2018-02-26T23:59:59.999Z"
11532.400390625;11704.099609375;11443.900390625;11573.2998046875;6468539904;195614809925;"2018-03-05T23:59:59.999Z"
8852.7802734375;9711.8896484375;8607.1201171875;9578.6298828125;6296370176;162009710243;"2018-03-11T23:59:59.999Z"
7890.5200195313;8245.509765625;7397.990234375;8223.6796875;6639190016;139201713268;"2018-03-18T23:59:59.999Z"
8901.9501953125;8996.1796875;8665.7001953125;8668.1201171875;5664600064;146818882936;"2018-03-24T23:59:59.999Z"
7171.4501953125;7276.66015625;6683.9301757813;6890.5200195313;6289509888;116786562165;"2018-03-30T23:59:59.999Z"
6815.9599609375;6857.490234375;6575;6636.3198242188;3766810112;112565173568;"2018-04-06T23:59:59.999Z"
6955.3798828125;7899.2299804688;6806.509765625;7889.25;8906250240;133912618634;"2018-04-12T23:59:59.999Z"
7944.4301757813;8197.7998046875;7886.009765625;8163.419921875;6529909760;138661092884;"2018-04-18T23:59:59.999Z"
9701.0302734375;9745.3203125;8799.83984375;8845.740234375;11083100160;150369282696;"2018-04-25T23:59:59.999Z"
9251.4697265625;9255.8798828125;8891.0498046875;9119.009765625;7713019904;155114132125;"2018-05-01T23:59:59.999Z"
9645.669921875;9665.849609375;9231.5302734375;9373.009765625;7394019840;159538115686;"2018-05-07T23:59:59.999Z"
8713.099609375;8881.1201171875;8367.9697265625;8716.7900390625;7364149760;148480275422;"2018-05-14T23:59:59.999Z"
8246.990234375;8562.41015625;8205.240234375;8513.25;5191059968;145109512565;"2018-05-20T23:59:59.999Z"
7362.080078125;7381.740234375;7270.9599609375;7368.2202148438;4056519936;125695017596;"2018-05-27T23:59:59.999Z"
7536.7202148438;7695.830078125;7497.259765625;7643.4501953125;4939299840;130481526036;"2018-06-02T23:59:59.999Z"
7685.1401367188;7698.1899414063;7558.3999023438;7624.919921875;4227579904;130256218613;"2018-06-08T23:59:59.999Z"
6674.080078125;6681.080078125;6433.8701171875;6456.580078125;3955389952;110378702283;"2018-06-15T23:59:59.999Z"
6780.08984375;6810.9399414063;6715.169921875;6729.740234375;3529129984;115129700024;"2018-06-21T23:59:59.999Z"
6084.3999023438;6180;6052.8500976563;6157.1298828125;3296219904;105403600614;"2018-06-27T23:59:59.999Z"
6550.8701171875;6771.919921875;6450.4599609375;6597.5498046875;4176689920;113024522547;"2018-07-04T23:59:59.999Z"
6739.2099609375;6767.740234375;6320.7202148438;6329.9501953125;4052430080;108511009626;"2018-07-10T23:59:59.999Z"
6357.009765625;6741.75;6357.009765625;6741.75;4725799936;115638203962;"2018-07-16T23:59:59.999Z"
7414.7099609375;7771.5;7409.1000976563;7711.1098632813;5132480000;132375368459;"2018-07-23T23:59:59.999Z"
8205.8203125;8272.259765625;8141.1801757813;8218.4599609375;4107190016;141185844808;"2018-07-29T23:59:59.999Z"
7438.67;7497.49;6984.07;7032.85;4268390000;120899698889;"2018-08-04T23:59:59.999Z"
6185.79;6455.74;6109.03;6295.73;4047850000;108314257212;"2018-08-11T23:59:59.999Z"
6340.91;6582.5;6324.97;6580.63;4992990000;113290724406;"2018-08-17T23:59:59.999Z"
6551.52;6719.96;6498.64;6719.96;4097820000;115778358839;"2018-08-24T23:59:59.999Z"
7043.76;7072.69;6834.69;6978.23;4463250000;120309828156;"2018-08-30T23:59:59.999Z"
7361.46;7388.43;6792.83;6792.83;5800460000;117185657641;"2018-09-05T23:59:59.999Z"
6317.01;6363.87;6265.09;6351.8;4064230000;109661521297;"2018-09-12T23:59:59.999Z"
6280.91;6384.18;6265.71;6371.3;4180090000;110064685348;"2018-09-18T23:59:59.999Z"
6704.77;6713.56;6580.9;6595.41;4177310000;114011060309;"2018-09-24T23:59:59.999Z"
6619.85;6653.3;6549.08;6589.62;4000970000;113999846113;"2018-10-01T23:59:59.999Z"
6590.68;6641.49;6557.04;6602.95;3306630000;114298880311;"2018-10-07T23:59:59.999Z"
6278.08;6308.51;6259.81;6285.99;3064030000;108878136724;"2018-10-13T23:59:59.999Z"
6460.92;6497.72;6449;6489.19;3379130000;112476559221;"2018-10-20T23:59:59.999Z"
6468.44;6498.29;6449.61;6474.75;3306050000;112294341019;"2018-10-26T23:59:59.999Z"
6318.14;6547.14;6311.83;6377.78;3789400000;110683820788;"2018-11-01T23:59:59.999Z"
6522.27;6536.92;6438.53;6453.72;4665260000;112078367037;"2018-11-08T23:59:59.999Z"
6351.24;6371.55;5544.09;5738.35;7398940000;99712077258.95;"2018-11-14T23:59:59.999Z"
4465.54;4675.73;4343.98;4602.17;6120120000;80020171046.79;"2018-11-21T23:59:59.999Z"
3765.95;3862.96;3661.01;3820.72;5998720000;66468970322;"2018-11-27T23:59:59.999Z"
4147.32376691;4155.97928378;3840.44626837;3894.1309069;5089570993.52;67779050169.8008;"2018-12-03T23:59:59.999Z"
3612.04639531;3647.33258231;3470.14441964;3502.65599577;5020968740.04;61004445982.3277;"2018-12-10T23:59:59.999Z"
3236.2747733;3305.75310795;3233.81979097;3252.83902595;3744248994.38;56685436643.7664;"2018-12-16T23:59:59.999Z"
3898.08367671;4014.18251388;3855.73893391;4014.18251388;5605823232.54;69997508294.9082;"2018-12-22T23:59:59.999Z"
3932.49180904;3963.75880829;3820.40868219;3820.40868219;4991655917.48;66672244158.107;"2018-12-29T23:59:59.999Z"
3832.03996811;3865.93453193;3783.8536653;3857.71761887;4847965467.09;67368333500.343;"2019-01-04T23:59:59.999Z"
4034.41144545;4064.06655088;3659.17453883;3678.92468128;6874143795.72;64288932886.0169;"2019-01-10T23:59:59.999Z"
3651.87098588;3680.13601133;3621.96099215;3678.56397636;5464420383.38;64327048254.6073;"2019-01-17T23:59:59.999Z"
3605.55702187;3623.06775216;3565.31403323;3585.12306636;5433755648.65;62731361271.6475;"2019-01-23T23:59:59.999Z"
3468.87015541;3476.06536415;3400.81972619;3448.11702209;5897159492.97;60371874098.8161;"2019-01-29T23:59:59.999Z"
3454.9508136;3478.14811641;3451.93695191;3466.35743916;5227549544.89;60735563489.7233;"2019-02-05T23:59:59.999Z"
3695.61303928;3695.61303928;3642.28773261;3648.43062774;6277056433.57;63968390249.9939;"2019-02-11T23:59:59.999Z"
3671.36998898;3936.66500089;3669.98232379;3915.71447331;9908216640.36;68704389994.3763;"2019-02-18T23:59:59.999Z"
4145.45786231;4210.64175454;3793.70900544;3810.42743065;10794227451.22;66897483404.1494;"2019-02-24T23:59:59.999Z"
3855.31822217;3874.60748448;3832.12797211;3864.41510673;7578786075.61;67888255370.8382;"2019-03-02T23:59:59.999Z"
3894.55252613;3987.23778458;3892.39046739;3963.31374243;10796103518.22;69674508654.6229;"2019-03-09T23:59:59.999Z"
3926.66323109;3968.54286634;3914.01535654;3960.91118728;9394210604.86;69675002376.5269;"2019-03-15T23:59:59.999Z"
4083.95389256;4097.35995254;4005.15127452;4029.32690706;10831212661.69;70926226881.5237;"2019-03-21T23:59:59.999Z"
4087.584591;4094.90217427;4040.26644055;4069.10714977;9353915899.02;71678998915.3443;"2019-03-28T23:59:59.999Z"
4879.95813337;5307.00360895;4876.62131112;4973.02181522;22899891582.39;87655288144.6018;"2019-04-03T23:59:59.999Z"
5289.91798137;5289.91798137;5167.41905834;5204.95837847;14722104361.4;91799330425.2375;"2019-04-09T23:59:59.999Z"
5066.57760057;5238.9452381;5055.19496077;5235.55941893;11618660197.33;92404613297.4486;"2019-04-16T23:59:59.999Z"
5312.49464201;5422.68742206;5280.27672867;5399.36541009;14601631648;95354207775.9268;"2019-04-22T23:59:59.999Z"
5271.74639378;5326.23201477;5255.68374555;5285.13900822;12819992055.63;93391244394.8948;"2019-04-28T23:59:59.999Z"
5831.06846097;5833.86291815;5708.03512399;5795.70842926;14808830722.93;102494420158.46;"2019-05-05T23:59:59.999Z"
6379.66690526;7333.00312262;6375.69861161;7204.77169716;28867562329.3;127488435181.246;"2019-05-11T23:59:59.999Z"
7341.66441915;7447.2717408;7251.50451112;7271.20790408;21354286561.99;128761727083.303;"2019-05-18T23:59:59.999Z"
7881.6953208;8140.71991773;7824.44888684;7987.37156583;25919126990.99;141539115575.014;"2019-05-24T23:59:59.999Z"
8661.76050606;9008.31456846;8221.27336604;8319.47222898;29246528551.2;147525141134.055;"2019-05-30T23:59:59.999Z"
7819.63337781;7937.34087946;7571.47097209;7822.02338228;19474611077.37;138800725479.332;"2019-06-06T23:59:59.999Z"
7925.43410401;8196.64825685;7862.3597896;8145.85747373;19034432883.38;144634684710.85;"2019-06-12T23:59:59.999Z"
9335.46690152;9348.37442796;9004.90174624;9081.76285149;15848210535.5;161353637185.781;"2019-06-18T23:59:59.999Z"
11007.2020736;11790.916533;11007.2020736;11790.916533;24879684533.05;209647943360.178;"2019-06-25T23:59:59.999Z"
10796.9306183;11206.4398606;10089.3143739;10583.1345195;29378589324.45;188297637573.825;"2019-07-01T23:59:59.999Z"
11217.6159338;11541.6198726;11148.8048129;11450.8467553;19369044276.9;203881891345.94;"2019-07-07T23:59:59.999Z"
11381.0208987;11451.2037673;10234.5764143;10256.0582756;22486000001.35;182741933551.727;"2019-07-14T23:59:59.999Z"
10525.819;11048.6623461;10451.2760142;10767.1395226;20206615154.65;191963691255.277;"2019-07-20T23:59:59.999Z"
9871.16499086;10167.3205575;9411.52180812;9477.67767811;16817809536.37;169099540423.129;"2019-07-27T23:59:59.999Z"
10402.0434274;10657.95271;10371.0139875;10518.1746772;17489094081.7;187791090996.091;"2019-08-02T23:59:59.999Z"
11954.0403364;11979.4201746;11556.1684508;11966.407405;19481591729.52;213788089212.212;"2019-08-08T23:59:59.999Z"
10038.4217089;10437.4106507;9675.3164202;10311.545429;22899115082.14;184357666577.279;"2019-08-15T23:59:59.999Z"
10764.5727493;10798.7297949;9962.7216442;10138.049355;19473084767.83;181364502141.631;"2019-08-21T23:59:59.999Z"
10372.8263035;10381.3283434;10087.3005576;10185.4998997;14762609502.77;182325540954.58;"2019-08-27T23:59:59.999Z"
10345.7251399;10736.1047208;10308.5478807;10623.5401172;19384917988.71;190312487956.047;"2019-09-03T23:59:59.999Z"
10443.2285007;10450.3115318;10144.929455;10334.9741628;17595943367.96;185263578990.272;"2019-09-09T23:59:59.999Z"
10356.4657676;10387.0348987;10313.092448;10347.7129074;12043433567.35;185618174383.964;"2019-09-15T23:59:59.999Z"
10024.1152629;10074.4444155;9922.53339543;10070.3921064;13199651698.47;180784051698.601;"2019-09-22T23:59:59.999Z"
8251.27362342;8285.6167637;8125.43166316;8245.91515478;14141152736.19;148122503615.689;"2019-09-28T23:59:59.999Z"
8259.49447523;8260.05563096;8151.23660841;8205.93924121;13139456229.41;147491804056.45;"2019-10-04T23:59:59.999Z"
8585.26280768;8721.78072149;8316.18140086;8321.75671178;19604381101.23;149685618275.045;"2019-10-11T23:59:59.999Z"
8047.81274259;8134.8314486;8000.94263465;8103.91137325;14313052244.08;145853994297.969;"2019-10-17T23:59:59.999Z"
7509.72818274;7532.86765606;7446.98855091;7493.48873154;16268708848.76;134968410276.478;"2019-10-24T23:59:59.999Z"
9422.4633254;9426.87421747;9085.3703568;9205.72655905;27706531577.46;165899500650.49;"2019-10-30T23:59:59.999Z"
9413.00494286;9457.41843455;9256.93201502;9342.52717939;26198609047.84;168459778835.171;"2019-11-05T23:59:59.999Z"
8759.75190096;8853.76817777;8685.42814321;8815.66253925;20309769107.26;159068712900.41;"2019-11-12T23:59:59.999Z"
8573.98009164;8653.28015751;8273.57288734;8309.28598342;21579470673.41;150025712267.127;"2019-11-18T23:59:59.999Z"
7398.63390574;7408.57736944;7029.28912726;7047.91688176;30433517289.47;127327398565.035;"2019-11-24T23:59:59.999Z"
7571.61619421;7571.61619421;7291.34195468;7424.29226516;18720708479.35;134215145409.923;"2019-12-01T23:59:59.999Z"
7547.26544276;7589.95176549;7525.71133898;7556.23803387;15453520564.06;136686769529.039;"2019-12-07T23:59:59.999Z"
7244.66223669;7293.56066067;7227.12274448;7269.68455922;17125736940.17;131581377758.097;"2019-12-13T23:59:59.999Z"
7208.63695894;7257.92191888;7086.12400862;7218.81638679;22633815180.05;130752796980.24;"2019-12-20T23:59:59.999Z"
7274.79942782;7388.30253592;7200.38659835;7238.96702501;22787010034.35;131200030099.764;"2019-12-26T23:59:59.999Z"
7194.89197053;7254.33061134;7174.94415256;7200.17439274;18565664996.79;130580829149.587;"2020-01-01T23:59:59.999Z"
8161.93547734;8396.73788064;7956.77421957;8079.86277673;31672559264.52;146645162431.476;"2020-01-08T23:59:59.999Z"
8140.93309605;8879.51152651;8140.93309605;8827.76442606;44841784107.18;160319484882.901;"2020-01-14T23:59:59.999Z"
8658.99118302;8755.70629569;8544.52045256;8745.89478833;24097418512.01;158947996833.847;"2020-01-21T23:59:59.999Z"
8597.30877926;8977.7269618;8597.30877926;8909.81917753;28647338393.17;162027957434.616;"2020-01-27T23:59:59.999Z"
9389.82059095;9468.79761797;9217.82397728;9344.36529292;30835736946.11;170034976661.751;"2020-02-02T23:59:59.999Z"
9863.89488145;10129.4351603;9850.39221314;10116.673759;35807884663.42;184214765394.475;"2020-02-09T23:59:59.999Z"
10313.8568369;10341.5559017;9874.4275077;9889.42462838;43865054831;180179996218.634;"2020-02-15T23:59:59.999Z"
9611.78201954;9723.01498512;9589.74360064;9686.44119763;40930547512.66;176587087363.478;"2020-02-21T23:59:59.999Z"
8788.72854689;8890.45600513;8492.93215312;8672.45534996;44605450442.74;158211707018.784;"2020-02-28T23:59:59.999Z"
8760.28504049;9142.05429624;8757.25403405;9078.76279174;39698054597.43;165731679917.865;"2020-03-05T23:59:59.999Z"
7910.08980669;7950.81435628;7642.81243049;7911.43012933;38682762604.64;144508402670.563;"2020-03-11T23:59:59.999Z"
5227.1136885;5331.83385967;5069.3361519;5238.43857664;37878801016.34;95740715528.8542;"2020-03-18T23:59:59.999Z"
6436.64245088;6789.02272423;6411.06651215;6734.80378045;48221910672.25;123148917787.229;"2020-03-24T23:59:59.999Z"
5925.53848884;6517.19578925;5903.23434726;6429.84193389;37101651525.3;117640143688.458;"2020-03-30T23:59:59.999Z"
6788.04980287;7271.7811527;6782.88974461;7271.7811527;46896904614.93;133140400947.86;"2020-04-06T23:59:59.999Z"
6858.06802459;7119.94706176;6811.07790015;6971.09159108;35759567632.29;127716846208.307;"2020-04-12T23:59:59.999Z"
7260.92257873;7280.52178187;7167.05456229;7189.42482356;31311210215.32;131815853850.003;"2020-04-19T23:59:59.999Z"
7550.48301195;7641.36397705;7521.67241878;7569.93603405;32941541446.93;138874072264.263;"2020-04-25T23:59:59.999Z"
8672.7819143;9048.02383263;8667.76321655;8864.76680793;44068389996.94;162722652380.246;"2020-05-01T23:59:59.999Z"
9936.16248196;9996.74335304;9767.17307027;9842.66636785;51780748041.95;180804859844.221;"2020-05-08T23:59:59.999Z"
9271.32863776;9793.26820869;9255.03484619;9733.72147137;56426907637.29;178881641547.089;"2020-05-14T23:59:59.999Z"
9725.32936525;9804.79388786;9447.20154126;9522.98115678;36546239702.55;175050963474.872;"2020-05-20T23:59:59.999Z"
8837.3812128;9203.32051535;8834.15742919;9181.01794762;32740536902.33;168814700531.386;"2020-05-27T23:59:59.999Z"
10162.9731448;10182.3407084;9460.57137098;9529.80414872;39137252108.67;175277218229.261;"2020-06-02T23:59:59.999Z"
9760.0632524;9782.30649673;9675.88590718;9771.48948366;21486346311.91;179782576533.652;"2020-06-08T23:59:59.999Z"
9386.03529073;9504.86006526;8990.1759467;9450.70198692;26699704768.46;173947607771.726;"2020-06-15T23:59:59.999Z"
9330.9264778;9401.10749682;9300.43050848;9303.62971409;15324301168.83;171289415078.632;"2020-06-21T23:59:59.999Z"
9048.46083712;9197.54701677;8975.52585473;9143.58219104;14560870760.22;168401806136.911;"2020-06-28T23:59:59.999Z"
9084.23373428;9183.29558274;9053.62967104;9132.48795051;12290528515.11;168251076677.956;"2020-07-04T23:59:59.999Z"
9273.35699507;9287.47159361;9118.00240742;9278.8078672;16860035604.8;171001933826.989;"2020-07-10T23:59:59.999Z"
9131.8121414;9182.25430793;9089.20245471;9151.39223963;13944570749.5;168710427573.953;"2020-07-17T23:59:59.999Z"
9527.14199636;9610.24712467;9483.00401906;9581.07201141;18146399001.7;176680237480.007;"2020-07-23T23:59:59.999Z"
10912.9529611;11304.3970694;10856.1413409;11100.4681253;24617249714.51;204761455132.909;"2020-07-29T23:59:59.999Z"
11203.8230991;11786.6168994;11158.2851945;11747.0228312;24411254471.12;216761492405.85;"2020-08-05T23:59:59.999Z"
11881.64754;11932.7111738;11195.7092716;11410.5256775;27039782639.91;210616121944.733;"2020-08-11T23:59:59.999Z"
11895.6577737;12359.0570221;11806.6958823;12254.4019083;28227687026.77;226261747567.102;"2020-08-17T23:59:59.999Z"
11663.6895523;11807.6323164;11623.2504376;11774.5958414;20681511754.57;217477962650.242;"2020-08-24T23:59:59.999Z"
11508.7139745;11715.2648492;11492.381773;11711.506161;19760127944.66;216373660045.36;"2020-08-30T23:59:59.999Z"
10512.5301954;10581.5714107;9946.67532811;10169.567221;44916565291.55;187940141275.803;"2020-09-05T23:59:59.999Z"
10409.8617874;10578.8382504;10292.3865099;10442.1706031;36750077323.54;193049493276.593;"2020-09-12T23:59:59.999Z"
10951.8200208;11034.908069;10829.6568158;10944.5858045;26341903912.39;202405809880.581;"2020-09-18T23:59:59.999Z"
10761.10978907;10777.69586388;10578.91424754;10692.71721234;39348590957.36;197809986225.92685;"2020-09-25T23:59:59.999Z"
10795.25474253;10933.62430944;10472.35651799;10619.45190766;40023134099.57;196512086756.27814;"2020-10-01T23:59:59.999Z"
10603.35546589;10680.50819786;10562.50712617;10668.96895539;37799458435.8;197485816054.93155;"2020-10-07T23:59:59.999Z"
11429.04780192;11539.97794666;11307.8308683;11429.50688675;24103426719.26;211643390713.38098;"2020-10-14T23:59:59.999Z"
11745.97493298;11999.91801959;11681.48002079;11916.33514058;30915821592.1;220721282864.58752;"2020-10-20T23:59:59.999Z"
13031.20124688;13225.29776076;12822.38232695;13075.24769656;29461458313.16;242250997935.6733;"2020-10-26T23:59:59.999Z"
13737.03221087;13808.32287396;13243.159866;13550.4893841;30771455467.79;251119864445.3435;"2020-11-02T23:59:59.999Z"
14833.75408424;15637.32033788;14744.10989581;15479.56703842;26632075028.85;286955182899.01483;"2020-11-08T23:59:59.999Z"
16317.80834223;16317.80834223;15749.19296725;16068.13870685;27481710135.41;297877068422.63354;"2020-11-14T23:59:59.999Z"
18621.31587778;18936.62068806;18444.3589249;18642.23276593;39650210707.3;345819234184.5931;"2020-11-21T23:59:59.999Z"
17153.91312468;17445.02428555;16526.42352825;17108.40172774;38886494645.12;317464460530.40906;"2020-11-27T23:59:59.999Z"
19205.92540409;19566.19188355;18925.78443384;19445.39847988;31930317405.27;360933936016.877;"2020-12-03T23:59:59.999Z"
18553.29972814;18553.29972814;17957.06521319;18264.99210672;25547132265.47;339136939585.8366;"2020-12-10T23:59:59.999Z"
19418.81840055;21458.90789704;19298.31727724;21310.59813054;44409011479.22;395799863745.9665;"2020-12-16T23:59:59.999Z"
23781.97438638;24024.48959027;22802.64570202;23241.34486501;51146161904.32;431808778580.30475;"2020-12-23T23:59:59.999Z"
27081.80972919;27370.7200843;25987.29807483;27362.4365573;45265946774.4;508523687096.6884;"2020-12-29T23:59:59.999Z"
32810.94764381;33440.21856853;28722.75527058;31971.91352155;81163475344.18;594384025390.8551;"2021-01-04T23:59:59.999Z"
38346.52950301;38346.52950301;30549.59876946;35566.65594049;123320567398.62;661457321418.0524;"2021-01-11T23:59:59.999Z"
36163.64923243;36722.34987621;34069.32218533;35791.27792129;52359854336.21;665831621390.9865;"2021-01-17T23:59:59.999Z"
32985.75691326;33360.97818593;31493.15966789;32067.64288212;48354737975.29;596733137645.0635;"2021-01-23T23:59:59.999Z"
34295.9350435;34834.70830094;32940.18691419;34269.52154165;65141828798.26;637924573283.79;"2021-01-30T23:59:59.999Z"
36931.54564785;38225.90594551;36658.76353663;38144.30686267;58598066402.24;710266752533.8;"2021-02-05T23:59:59.999Z"
44898.71161149;48463.46712511;44187.7623505;47909.33119483;81388911809.85;892364856135.99;"2021-02-11T23:59:59.999Z"
52140.97271656;52474.10724863;51015.76455379;51679.79669449;52054723578.67;962915078024.48;"2021-02-18T23:59:59.999Z"
48835.08766112;51290.13669492;47213.49816173;49705.33331637;63695521388.34;926393090750.51;"2021-02-24T23:59:59.999Z"
49612.10703748;50127.50988383;47228.84534569;48378.98805435;47530897720.12;901933683269.16;"2021-03-02T23:59:59.999Z"
52272.96978194;54824.11781138;51981.83131223;54824.11781138;50912227384.88;1022439972862.18;"2021-03-09T23:59:59.999Z"
59267.4290492;60540.99271158;55393.16536281;55907.20022619;66419369889.68;1042946024859.64;"2021-03-15T23:59:59.999Z"
57517.89148833;58471.47864713;54288.1580282;54529.14561107;56521454974.29;1017595269117.06;"2021-03-22T23:59:59.999Z"
55974.94118696;56610.31196825;55071.11199378;55950.7457745;47686580917.99;1044446559059.06;"2021-03-28T23:59:59.999Z"
59397.40846193;60110.26846076;57603.88917376;57603.88917376;59641344483.62;1075617261180.33;"2021-04-03T23:59:59.999Z"
58253.77680886;61276.66536564;58038.70627787;59793.23541009;58238470525.26;1116889802872.23;"2021-04-10T23:59:59.999Z"
63258.50517438;63594.72091303;60222.53207871;61572.78960116;84293007467.97;1150457156739.61;"2021-04-16T23:59:59.999Z"
53857.10689483;55410.22866494;50583.81405608;51762.27205146;74798630777.5;967372472375.28;"2021-04-22T23:59:59.999Z"
54858.09149222;55115.84415438;52418.02844504;53555.10849133;46088929779.74;1001193634071.78;"2021-04-29T23:59:59.999Z"
53252.16476125;57911.36359718;52969.05536281;57424.00594813;69241316746.83;1073873012866.68;"2021-05-05T23:59:59.999Z"
55847.24104211;56872.54492059;54608.65245902;56704.5730585;61308396325.32;1060790877191.62;"2021-05-11T23:59:59.999Z"
43488.05798819;45812.45840792;42367.83145309;42909.40092517;56187365083.94;802974346862.95;"2021-05-18T23:59:59.999Z"
34700.363568;39835.13982978;34551.08054976;38705.97863723;67359584098.36;724332072423.59;"2021-05-24T23:59:59.999Z"
35658.59295707;37468.24899082;34241.94356094;37332.85368874;39009847639.28;698990486184.97;"2021-05-31T23:59:59.999Z"
35538.60872998;36436.42096405;35304.58007817;35862.37772747;28913440584.92;671652557855.14;"2021-06-06T23:59:59.999Z"
37340.14284419;37408.92559512;34728.19010076;35552.51714847;37924228550.01;666018173753.46;"2021-06-12T23:59:59.999Z"
35854.52922288;36457.79628009;34933.06225074;35615.86927002;31207279718.5;667400859260.87;"2021-06-19T23:59:59.999Z"
34659.10449948;35487.2480035;31350.88385819;31637.78005541;40230904226;592978211189.03;"2021-06-25T23:59:59.999Z"
35035.98271227;35035.98271227;32883.78122635;33572.11765253;37838957079.15;629339325297.74;"2021-07-01T23:59:59.999Z"
33889.6063474;33907.90804895;32133.18272686;32877.37262842;29910396945.88;616492852697.27;"2021-07-08T23:59:59.999Z"
32723.84605182;33061.39895615;31639.1241064;32822.34873678;21376531209.58;615635042691.74;"2021-07-14T23:59:59.999Z"
30838.28525375;31006.18663047;29360.95583827;29807.34767271;23148267244.64;559244324356.11;"2021-07-20T23:59:59.999Z"
37276.03602972;39406.9409837;36441.72630845;39406.9409837;35097370560.07;739612127373.17;"2021-07-27T23:59:59.999Z"
39907.2628498;40419.18086385;38746.34716686;39201.945189;25595265436.38;735995665488.55;"2021-08-02T23:59:59.999Z"
44574.43858612;45282.35328436;43331.9098211;43798.11767796;36302664749.76;822545074286.19;"2021-08-08T23:59:59.999Z"
47096.66856627;47357.10642699;45579.59012016;47047.00454195;30988958445.96;883882942187.64;"2021-08-15T23:59:59.999Z"
49327.07373292;49717.0189234;48312.19763872;48905.49058555;40585205312.32;919092181742.55;"2021-08-21T23:59:59.999Z"
49072.58522066;49283.50564795;48499.23890806;48902.40220635;28568103400.7;919372790254.05;"2021-08-28T23:59:59.999Z"
49288.24911201;50982.27157262;48386.0861629;50025.37460546;43206179618.68;940757184680.41;"2021-09-03T23:59:59.999Z"
45774.74222293;47261.94853026;45669.73965231;46391.4229753;38672657013.28;872686454371.99;"2021-09-09T23:59:59.999Z"
48158.9072046662;48486.8294106265;47079.5571229921;47783.3578046439;31764293754;899179151780.33;"2021-09-16T23:59:59.999Z"
40677.954833938;43978.6192234579;40625.63419051;43574.509432809;38139709245.54;820218503579.13;"2021-09-22T23:59:59.999Z"
42200.8966138389;42775.1461415319;40931.6624995505;41034.5446652294;30214940550.45;772639687708.88;"2021-09-28T23:59:59.999Z"
49174.9596155488;51839.9857196328;49072.839248793;51514.8140602767;35873904236.33;970325310417.27;"2021-10-05T23:59:59.999Z"
54734.124840616;57793.039249207;54519.7655195754;57484.7894651936;42637331697.95;1083079138638.61;"2021-10-11T23:59:59.999Z"
60887.6530520683;61645.5224773273;59164.468376068;61553.6173846995;29032367510.53;1160077513367.6;"2021-10-17T23:59:59.999Z"
61368.3431714217;61505.8033499327;59643.3453781125;60930.8364421796;27316183881.53;1148743134467.63;"2021-10-24T23:59:59.999Z"
62239.3622101383;62330.1455304357;60918.3852840291;61888.8312190326;32157938615.83;1167178054166.51;"2021-10-30T23:59:59.999Z"
61460.0790401577;62541.4676861485;60844.6076077888;61125.6742689035;30605102446.15;1153128571127.63;"2021-11-05T23:59:59.999Z"
64863.9803464241;65460.8149830031;62333.913107848;64155.9418364327;36084893887.38;1210715199477.56;"2021-11-12T23:59:59.999Z"
60360.1376899775;60948.4984361572;56550.7916436038;56942.1362440572;41388338699.24;1074900976539.29;"2021-11-18T23:59:59.999Z"
57165.4172722878;59367.9679943132;57146.6852020181;57274.6794471653;34284016247.69;1081500188674.24;"2021-11-25T23:59:59.999Z"
56907.9667338266;59041.6852434855;56553.0807744684;57229.8298994492;36858195306.81;1080977744339.22;"2021-12-01T23:59:59.999Z"
50581.8300495181;51934.7818955124;50175.8075210566;50700.0843364829;33676814851.61;957948940989.36;"2021-12-07T23:59:59.999Z"
46709.8224590995;48431.3995664936;46424.4960219948;46612.6335069028;34638619079.14;881018067730.52;"2021-12-14T23:59:59.999Z"
46707.0644512279;47401.7179482003;45579.8101425366;46880.2789637231;30961902128.91;886331446164.87;"2021-12-20T23:59:59.999Z"
50428.6926963893;51196.3772869711;49623.1042072232;50809.5150128895;20964372925.86;960899995734.95;"2021-12-26T23:59:59.999Z"
47680.9266248301;47881.4062331606;46856.9363097429;47345.220564253;27951569547.04;895688387523.14;"2022-01-02T23:59:59.999Z"
41561.4658676891;42228.9420354353;40672.2754483568;41733.9430988926;28066355845.13;789758782727.02;"2022-01-08T23:59:59.999Z"
42598.872888975;43346.6885657206;41982.6166524365;43099.6998283297;23577403398.89;815850639036.09;"2022-01-14T23:59:59.999Z"
40699.6069839273;41060.5273749856;35791.4265480389;36457.3181001361;43011992031.18;690368973093.34;"2022-01-21T23:59:59.999Z"
36841.8806089473;37148.3222790892;35629.2798878753;37138.2343159536;25041426629.34;703456873492.62;"2022-01-27T23:59:59.999Z"
38743.7134257246;38834.617830971;36832.7286672317;36952.9849327595;19155189415.69;700155817835.89;"2022-02-02T23:59:59.999Z"
44096.7044920426;44727.799891548;43232.9671622586;44338.7977574167;23245887299.61;840369284541.11;"2022-02-09T23:59:59.999Z"
42586.4646116209;44667.2169798202;42491.0337603845;44575.2033341441;22721659050.67;845117683686.87;"2022-02-15T23:59:59.999Z"
37068.7714361995;38359.8536637991;36488.932255945;38286.0270879696;25493150449.85;726121533658.47;"2022-02-22T23:59:59.999Z"
37706.0012666457;43760.4570181679;37518.2146036468;43193.2340330233;35690014104.01;819414782676.49;"2022-02-28T23:59:59.999Z"
39404.1989243159;39640.1767511205;38211.6479622922;38419.9833773926;19745229901.83;729062407067.33;"2022-03-06T23:59:59.999Z"
38884.7248489191;39209.3504270127;37728.1443563354;37849.6627995273;17300745309.73;718481905385.96;"2022-03-13T23:59:59.999Z"
41794.6478339065;42316.5544604012;41602.6683804537;42190.6534617069;19664853187.34;801124017583.09;"2022-03-19T23:59:59.999Z"
43964.5462246384;44999.4930588116;43706.2860318396;44348.7309048344;30574413034.44;842351457245.02;"2022-03-25T23:59:59.999Z"
45554.1638120546;46616.2437719152;44403.1410093413;46281.6439814509;38162644286.97;879359612625.13;"2022-04-01T23:59:59.999Z"
43207.4988703738;43860.6975585056;42899.9066089561;43503.8491661365;26101973106.2;826814841542.56;"2022-04-07T23:59:59.999Z"
40123.5697619184;41430.0541551098;39712.7468117849;41166.7318122462;27691105227.77;782617115810.22;"2022-04-13T23:59:59.999Z"
41501.7442424249;42126.3001302172;40961.0975519901;41374.3782012031;27819532341.16;786828424698.83;"2022-04-20T23:59:59.999Z"
40448.4226744585;40713.8895679717;37884.9860105779;38117.4625078349;34569088415.86;725113482674.14;"2022-04-26T23:59:59.999Z"
38528.1100380674;38629.994974219;37585.6203126624;37750.4539152995;27326943244.26;718385701942.79;"2022-05-03T23:59:59.999Z"
34060.0154816197;34222.0733234167;30296.9534000531;30296.9534000531;63355494961.42;576716899022.88;"2022-05-09T23:59:59.999Z"
30098.5866261369;31308.1913582629;29527.7403707191;31305.1125686764;25835372064.61;596074575228.33;"2022-05-15T23:59:59.999Z"
29432.4723986064;30425.8605130009;29275.1827640655;30323.7218952694;21631532269.67;577568895835.72;"2022-05-22T23:59:59.999Z"
28842.1038446105;29135.9182578598;28554.5660193876;29023.4880392653;19252320707.98;552958193308.48;"2022-05-28T23:59:59.999Z"
30467.8068396067;30633.0344757636;29375.6893020883;29704.3913570693;26175547451.56;566088081691.13;"2022-06-03T23:59:59.999Z"
30110.3295199028;30245.8086237771;28978.1470531645;29083.8047209541;29867476526.98;554455834485.63;"2022-06-10T23:59:59.999Z"
22576.305346187;22868.9211355563;20265.2257119101;20381.6512129024;31183975653.76;388664840556.76;"2022-06-16T23:59:59.999Z"
20719.41392721;20835.7503482133;19848.0786676282;19987.0290493797;28574793477.85;381240087223.77;"2022-06-22T23:59:59.999Z"
20281.1694611799;20364.1560967338;19937.7910783669;20104.0231777817;23552740327.93;383598071095.42;"2022-06-29T23:59:59.999Z"
20225.3534364236;20635.4677410245;19341.2331538775;20190.1146695234;26715546990.31;385349780369.64;"2022-07-05T23:59:59.999Z"
20856.352967685;20856.352967685;19924.5397968986;19970.556593233;24150249024.63;381264246558.41;"2022-07-11T23:59:59.999Z"
20781.9115039967;22633.0334362237;20781.9115039967;22485.6892521761;39974475561.94;429412153274.1;"2022-07-18T23:59:59.999Z"
22465.5092660661;22974.0026721759;22306.840180485;22609.164770669;23565495302.99;431888879541.1;"2022-07-24T23:59:59.999Z"
23652.0696621219;24121.6425782597;23275.7025004507;23336.8956049843;23553591896.25;445941074223.04;"2022-07-31T23:59:59.999Z"
23291.4240607937;23326.561622217;22961.2789671291;22961.2789671291;15978259884.75;438890198160.7;"2022-08-06T23:59:59.999Z"
23957.2030605314;24412.5661055952;23657.2653043183;24402.8185057558;27265804687.74;466578839477.74;"2022-08-12T23:59:59.999Z"
23213.3132415999;23213.3132415999;20868.847438639;20877.5536922194;40509610259.78;399309311305.82;"2022-08-19T23:59:59.999Z"
21395.4583899891;21789.6368362852;21362.4412599083;21600.9051416699;31028679593;413267825941.47;"2022-08-25T23:59:59.999Z"
19799.5813157872;20420.9904201752;19799.5813157872;20049.7631893726;33225232872.06;383710102294.98;"2022-08-31T23:59:59.999Z"
18837.6833207735;19427.172670785;18644.4672270585;19290.3238735938;35239757133.88;369299496559.04;"2022-09-07T23:59:59.999Z"
22371.4806397841;22673.8197662856;20062.6706994888;20296.7078138753;51091116621.52;388682319976.46;"2022-09-13T23:59:59.999Z"
19418.5714215096;19639.4797325487;18390.3187095743;19544.1292496743;40177002623.56;374373522207.39;"2022-09-19T23:59:59.999Z"
18803.9006328979;19274.8734982574;18721.2858513532;19222.6721841704;44148798320.6;368335944295.86;"2022-09-26T23:59:59.999Z"
19311.8487082258;19370.3092809335;18970.6205832529;19044.1072723711;20765955327.49;365024821953.69;"2022-10-02T23:59:59.999Z"
19546.3288377398;19601.6954551175;19299.4136190281;19416.5678495233;16437423166.71;372284398575.26;"2022-10-08T23:59:59.999Z"
19185.4373038114;19212.5416076166;19019.2501252192;19067.6350822884;16192235531.97;365722351004.5;"2022-10-15T23:59:59.999Z"
19053.2030456165;19237.3856061517;18770.9700605115;19172.4692172692;32459287865.69;367839754255.23;"2022-10-21T23:59:59.999Z"
20287.9560947863;20724.980299643;20086.0682301131;20595.3519366012;43994715910.3;395266756395.28;"2022-10-28T23:59:59.999Z"
20162.6892278966;20382.0963206451;20086.2409033906;20209.9874150039;43228750179.43;387983112928.37;"2022-11-03T23:59:59.999Z"
18543.7612496199;18590.4595695809;15682.6928427807;15880.7798491723;102905151606.28;304958504278.2;"2022-11-09T23:59:59.999Z"
16884.3411879443;16960.2951783623;16430.1112817802;16669.4401447741;33925512988.62;320208159886.93;"2022-11-16T23:59:59.999Z"
15782.3012305363;16253.0477467021;15656.6060601161;16189.7695319341;30726828760.3;311078520948.59;"2022-11-22T23:59:59.999Z"
16440.2220878988;16482.9335433104;16054.5302153408;16217.3224676411;27743025156.05;311686396568.46;"2022-11-28T23:59:59.999Z"
17128.8940804496;17378.1533102833;16922.4318687598;16974.8256651336;22209086834.09;326346115859.9;"2022-12-05T23:59:59.999Z"
17129.7113333088;17245.6352839084;17091.8199897402;17104.1928057162;14122486832.21;328933297475.65;"2022-12-11T23:59:59.999Z"
16646.9825672479;16800.5901927499;16614.0289473808;16795.0909672135;14463581825.22;323078968931.9;"2022-12-17T23:59:59.999Z"
16796.9766195206;16864.7028789056;16793.5281845114;16847.7552651546;9744636213.3;324190184505.64;"2022-12-24T23:59:59.999Z"
16641.3298242645;16643.4274095726;16408.4751768261;16602.5851557701;15929162909.56;319559502979.58;"2022-12-30T23:59:59.999Z"
16863.4720568268;16884.0221164772;16790.2830406922;16836.7366452236;13692758566.46;324163886549.58;"2023-01-05T23:59:59.999Z"
17944.0687339418;19030.0876366382;17919.2317058357;18869.5880552656;34971338710.34;363433455081.14;"2023-01-12T23:59:59.999Z"
21161.0508997004;21564.5022129631;20541.544548774;20688.7807298648;30005625417.91;398593008037.23;"2023-01-18T23:59:59.999Z"
22639.2671675238;23722.0988087405;22406.0755024251;23117.8596819048;30685366708.98;445539806080.32;"2023-01-25T23:59:59.999Z"
22840.7960906001;23225.0214038861;22765.5684994408;23139.2839099123;22837828665.18;446082285297.19;"2023-01-31T23:59:59.999Z"
22954.0219641729;23119.2799503201;22692.0259840498;22760.1092633004;23825006541.98;438893838655.36;"2023-02-06T23:59:59.999Z"
21786.9992632743;21898.4138396757;21460.0885038644;21808.1017736009;23918742607.37;420678828415.31;"2023-02-13T23:59:59.999Z"
24640.0272214209;25093.0551495442;24327.6416722827;24327.6416722827;25555105669.92;469431477134.26;"2023-02-19T23:59:59.999Z"
23200.1258534291;23210.2110723344;22861.5586648141;23175.3756358425;16100721565.07;447323985682.72;"2023-02-25T23:59:59.999Z"
22362.9230267909;22405.1769535758;22198.9810093926;22353.3500739307;11166012913.03;431607268094.04;"2023-03-04T23:59:59.999Z"
20367.0017771358;20370.595398116;19628.2543094205;20187.2436476163;39578257695.31;389890609883.9;"2023-03-10T23:59:59.999Z"
24373.4566170173;25190.3269844926;24225.1109586283;25052.789721748;33866061746.62;484005642386.83;"2023-03-16T23:59:59.999Z"
27301.9574943549;28729.8434696783;27183.3637407073;28333.9727113788;24220433689.12;547590658474.12;"2023-03-23T23:59:59.999Z"
27267.0321746002;28619.5433888008;27259.6611804101;28348.442342812;20684945905.97;548025510532.62;"2023-03-29T23:59:59.999Z"